<?xml version="1.0" encoding="UTF-8"?>
<metadata modelVersion="1.1.0">
  <groupId>org.csource</groupId>
  <artifactId>fastdfs-client-java</artifactId>
  <version>1.29-SNAPSHOT</version>
  <versioning>
    <snapshot>
      <localCopy>true</localCopy>
    </snapshot>
    <lastUpdated>20201120020609</lastUpdated>
    <snapshotVersions>
      <snapshotVersion>
        <extension>jar</extension>
        <value>1.29-SNAPSHOT</value>
        <updated>20201120020609</updated>
      </snapshotVersion>
      <snapshotVersion>
        <extension>pom</extension>
        <value>1.29-SNAPSHOT</value>
        <updated>20201120020609</updated>
      </snapshotVersion>
    </snapshotVersions>
  </versioning>
</metadata>
